Title,Tone
# SpeakYourMind : YEP hosts free mental health first aid course in Leeds, 1
Ed Sheeran and Ella Eyre lead the way as stars throw their weight behind Music 4 Mental Health gog, 1
Day of play to say You Matter : youths host first - time event, 1
Bryony Gordon helps Meet Cambridge raise over £2k for mental health charity | Business Weekly | Technology News | Business news, 1
Patients to benefit from mental health unit investment, 1
Share a Cuppa this World Mental Health Day at Thyme on the Lake, 1
Dallas - Fort Worth Hospital Council Foundation to receive HHSC mental health grant - State of Reform, 1
Thinking about mental health month, 1
Nine in 10 united kingdom Workers Touched by Mental Health Challenges ; Accenture Research Finds, 1
Longford locals to light up night for mental health, 1

Psychological Distress Declines in U . S . Adults, 0
Youth mental health - how schools can improve provision, 0
Monzo and Starling are making banks take mental health seriously, 0
Antidepressants were the second most prescribed drug in Halton last year, 0
REVEALED : Rise in number of antidepressants prescribed by doctors in St Helens, 0
Mandatory Mental Health Classes Coming To New York Schools, 0
More evidence exercise may be good for your mood, 0
Mental health talk in Coquitlam, 0
Alcoholism cited as major contributor to mental health cases, 0
Study finds Many Iowans with mental illness go untreated - KICD - FM News Talk Radio 102 . 5 AM 1240, 0

TK Maxx removes offensive OCD Christmas decor following backlash, -1
Risk Factors Identified for Suicidal Ideation in Substance Use Disorders, -1
Social Stigma Worsens Mental Health With Autism, -1
Siena Yates : Is mental illness what we fear most as a society ?, -1
One in EIGHT children have mental health problems, -1
How stress associated with social stigma affects autistic people, -1
Why Kids Suffer From Depression and Mental Health Issues, -1
Mental health challenges facing the modern African male ( 2 ), -1
Social stigma contributes to poor mental health in the autistic community, -1
Mental health and stigma - Daily Times, -1